Company,Name,Title,Image Links
Citadel,Kenneth Griffin,Founder and CEO,https://www.citadel.com/wp-content/uploads/2017/10/Ken_Griffin-2.jpg
Citadel,Amanda Rubin,Chief Marketing Officer,https://media.licdn.com/dms/image/v2/D4E03AQGIBaaIGEWqUA/profile-displayphoto-shrink_800_800/B4EZWqwg3DHMAc-/0/1742326599468?e=1776297600&v=beta&t=aF2gfTDPOl_b3IdUR5OPuw2AUW5H7TmeUdRsHImQ3vA
Citadel,Josh King,Head of Corporate Affairs,https://www.citadel.com/wp-content/uploads/2024/09/Josh-King.jpg
Citadel,Brooke Reno,Head of Social Media,https://media.licdn.com/dms/image/v2/C4E03AQGes1M7MU17bA/profile-displayphoto-shrink_800_800/profile-displayphoto-shrink_800_800/0/1645119014740?e=1776297600&v=beta&t=sFk9_Rc0g2MpIcyFHmpJLQ0YYCvbz43Pay0xUEJNYM4
Citadel,Matt Scully,Head of Media Relations (Hedge Fund) ,No info found
Citadel,Zia Ahmed,Head of Communications,https://assets.clay.earth/api/images/avatars/optimized/NjAxMTMxNi03NzY2ODk2NTA=
Citadel Securities,David Millar,"Managing Director, Head of Communications",https://media.licdn.com/dms/image/v2/D4E03AQE4h5vWuf8XTQ/profile-displayphoto-shrink_800_800/B4EZUjlE1hHcAc-/0/1740058676869?e=1776297600&v=beta&t=6yMwqe2iwW0B-_ZQryBf7e33poyUUhB7LbAlfaT8cDI
Citadel,Jaquelyn Scharnick,"Director, Communications",https://media.licdn.com/dms/image/v2/C4D03AQHOnNZtIHGQeA/profile-displayphoto-shrink_800_800/profile-displayphoto-shrink_800_800/0/1516302057463?e=1776297600&v=beta&t=m1ocT7NNNGaDDOUDpE_X9vMBa0sU6dscM8OUmFl-9bk
Citadel,Daniel O’Donnell,"Director, Corporate Affairs",No info found
Citadel,Avery Katz,Analyst ,https://media.licdn.com/dms/image/v2/D4E03AQGbmth1NEdgxw/profile-displayphoto-shrink_400_400/profile-displayphoto-shrink_400_400/0/1684889849234?e=1776297600&v=beta&t=8VZAfDvl9jigccED_ZhbbHabGTHiTBDxLBMD3mpiMeo
Citadel Securities,Bianca Fata,Media Relations,https://media.licdn.com/dms/image/v2/D4E03AQH6MTFzHXgDAA/profile-displayphoto-shrink_800_800/profile-displayphoto-shrink_800_800/0/1677600383555?e=1776297600&v=beta&t=26YWpZ29dN8_DRziihDSAUtJalap4kqmBfl9JRpO1NU
Griffin Catalyst,Ingrid Bernstein,No info found,
Griffin Catalyst,Dylan Gresik,"Associate, Public Affairs and Philanthropy",https://media.licdn.com/dms/image/v2/C4D03AQEgKuiaoPimoQ/profile-displayphoto-shrink_800_800/profile-displayphoto-shrink_800_800/0/1600730097279?e=1776297600&v=beta&t=UibswRudUfLGZm1uIdB4350qIEtffcbcktlCrHGZzc0
BCG,,,
BCG,Brooke Bollyky,Managing Director & Partner,https://web-assets.bcg.com/dims4/default/cd0d246/2147483647/strip/true/crop/298x298+0+0/resize/1000x1000!/format/webp/quality/90/?url=http%3A%2F%2Fboston-consulting-group-brightspot.s3.amazonaws.com%2F1b%2F5f%2F0d39a9974f3a828aa1c966d354dc%2Fbt-0036.jpg
BCG,Justin Dean,Managing Director & Senior Partner,https://resource.globenewswire.com/Resource/Download/4b58148c-2ac7-49c4-8352-85047c66a52b
BCG,Ingmar Broemstrup,Managing Director & Senior Partner,https://web-assets.bcg.com/dims4/default/6d657d3/2147483647/strip/true/crop/500x500+0+0/resize/500x500!/format/webp/quality/90/?url=http%3A%2F%2Fboston-consulting-group-brightspot.s3.amazonaws.com%2F2a%2F9d%2F67f22f9d49d481a3aba23091d71c%2Fingmar-broemstrup.jpg
BCG,Sylvain Duranton,"Managing Director & Senior Partner; Global Leader, BCG X",https://media.licdn.com/dms/image/v2/C4E03AQFPeQfYY3WfsA/profile-displayphoto-shrink_200_200/profile-displayphoto-shrink_200_200/0/1652099386932?e=2147483647&v=beta&t=1GKtJSjS011FLlnxYDe5vj2vFcHy9Id1UnO2YzQZQ6k
BCG,Barry Rosenberg,"Managing Director & Senior Partner, Health Care Regional Practice Lead",https://web-assets.bcg.com/dims4/default/012b553/2147483647/strip/true/crop/500x500+0+0/resize/500x500!/format/webp/quality/90/?url=http%3A%2F%2Fboston-consulting-group-brightspot.s3.amazonaws.com%2F15%2F37%2Fb99921c14459afcc3fc22c93938c%2Fbarry-rosenberg.png
BCG,Kristy Elmer,Managing Director & Partner,https://media.licdn.com/dms/image/v2/D4E03AQFoHK2v5RcGZA/profile-displayphoto-crop_800_800/B4EZujwxK9L8AI-/0/1767979029607?e=1776297600&v=beta&t=yOU9vnuzW9srDS9QCA6bbfuOgx4moNpmppIWWsONDHQ
BCG,Chadia deSimone,Managing Director & Partner; Global Head of Marketing,https://assets.weforum.org/sf_account/image/responsive_small_webp_kGXI8yA2RZeCOVuZniOCpl6P9NBtyyekCzDCHBoqaYQ.webp
BCG,Nidhi Sinha,"Head of Marketing, North America | Executive Director, Global Communications",https://media.licdn.com/dms/image/v2/C4D22AQFO4oh2q4KVIw/feedshare-shrink_800/feedshare-shrink_800/0/1624914092436?e=2147483647&v=beta&t=1_0sDkfutKDnfUYwT3sqpsuUz9pdoW9nA0ZZQE2XcNw
BCG,Russell Dubner,Chief Communications Officer,https://web-assets.bcg.com/dims4/default/cd35b24/2147483647/strip/true/crop/500x500+0+0/resize/500x500!/format/webp/quality/90/?url=http%3A%2F%2Fboston-consulting-group-brightspot.s3.amazonaws.com%2F50%2Fa3%2F6df1bf144f0984bce652a9010127%2Frussel-edit.jpg
BCG,Ulrike Schwarz-Runer,General Counsel,https://web-assets.bcg.com/dims4/default/6b6f0f2/2147483647/strip/true/crop/500x500+0+0/resize/500x500!/format/webp/quality/90/?url=http%3A%2F%2Fboston-consulting-group-brightspot.s3.amazonaws.com%2F9f%2F02%2Fdf2bfbd6482193725f84017838e3%2Fulrike-schwarz-runer-nxpowerlite-copy.jpg
BCG,Marcus Liem,"Director of Public Relations, North America",https://media.licdn.com/dms/image/v2/D4E03AQEiMZbG0XOyeQ/profile-displayphoto-crop_800_800/B4EZtCAhbpKUAM-/0/1766338992531?e=1776297600&v=beta&t=ysro2g3OnZ7yX55eLwUDCiDdVyyWzKiWyVBfQvT8fC8
BCG,Tom Wallack,"Director, Global External Relations & Executive Positioning",https://media.licdn.com/dms/image/v2/C4E03AQHnikA014VJGg/profile-displayphoto-shrink_800_800/profile-displayphoto-shrink_800_800/0/1552447074020?e=1776297600&v=beta&t=jzsuCZ8qx-gBBpxGCisTq_uRaDE3r-K-K5TZfg2Qwjk
BCG,Angelique Bevan,Partnerships & Media Consultant,https://media.licdn.com/dms/image/v2/D4D03AQEUnxjqrgtADw/profile-displayphoto-shrink_200_200/profile-displayphoto-shrink_200_200/0/1704223258248?e=2147483647&v=beta&t=zpO66TsCgKWHCE4ej3KhzZ0VrupA5Y3nhp9jrNyalkI
BCG,Sayra Butterfield,Global Events Marketing Senior Director,https://media.licdn.com/dms/image/v2/D5603AQFfs0LI22rONA/profile-displayphoto-shrink_800_800/profile-displayphoto-shrink_800_800/0/1669834213503?e=1776297600&v=beta&t=y5TIe850hLCuPyFH_zrmG_fwCQFbajAIbJb2sqRu0rY
BCG,Dani Gerard,Global External Relations & Events Director,https://media.licdn.com/dms/image/v2/C4E03AQHmr1TNUo9KPg/profile-displayphoto-shrink_800_800/profile-displayphoto-shrink_800_800/0/1574456742996?e=1776297600&v=beta&t=t4il1gBhg_KMfTXdE4Hl_zW4BeUrRRxo2wJYrNq8eT0
BCG,Licia Minervini,External Relations Director,https://assets.weforum.org/sf_account/image/responsive_small_webp_xz1z0J4bFpk-qTUENW_GvybBazP5xsiCl0MeX9AAqUA.webp
BCG,Shannon Quinn,Global Events Marketing Manager,https://media.licdn.com/dms/image/v2/C4E03AQHmr1TNUo9KPg/profile-displayphoto-shrink_800_800/profile-displayphoto-shrink_800_800/0/1574456742996?e=1776297600&v=beta&t=t4il1gBhg_KMfTXdE4Hl_zW4BeUrRRxo2wJYrNq8eT0
BCG,Qahir Dhanani,Managing Director & Partner,https://web-assets.bcg.com/dims4/default/a1f4884/2147483647/strip/true/crop/500x500+0+0/resize/1000x1000!/format/webp/quality/90/?url=http%3A%2F%2Fboston-consulting-group-brightspot.s3.amazonaws.com%2Fac%2F58%2F28a0599c4b0c917aa471702493f1%2Fqahir-dhanani.jpg
PwC,,,
PwC US,Paul Griggs,US Senior Partner & CEO,https://www.pwc.com/gx/en/contacts/paul-griggs-headshot.jpeg
PwC US,Dan Priest,Chief AI Officer,https://www.pwc.com/us/en/about-us/newsroom/img/dan-priest-headshot.jpg
PwC US,Kathryn Kaminsky,Chief Commercial Officer,https://media.licdn.com/dms/image/v2/C5603AQH-fLSEAGDU8w/profile-displayphoto-shrink_200_200/profile-displayphoto-shrink_200_200/0/1654726035803?e=2147483647&v=beta&t=S_tJHORmP_YY6ipewTMX8gS9hW2B1cJM12aXZG6sebw
PwC US,Michelle Horton,Principal,https://media.licdn.com/dms/image/v2/D4D03AQFcvZh2HgecQw/profile-displayphoto-shrink_200_200/profile-displayphoto-shrink_200_200/0/1681781533195?e=2147483647&v=beta&t=YeZ2FJSb7KvSC5BKozr10KhnO5e5lh2c8duM3OgSL9w
PwC,Meghan Carlson,Brand Marketing Senior Manager,https://media.licdn.com/dms/image/v2/C4E03AQFMKpaIsomfxg/profile-displayphoto-shrink_800_800/profile-displayphoto-shrink_800_800/0/1657654452913?e=1776297600&v=beta&t=9amyA8s4bCelzMeVET9h7aulUTLHvRVoo4XQkiaBQlA
PwC,Philip Galuban,"Social Media Manager, Communications & Corporate Affairs",https://media.licdn.com/dms/image/v2/D5603AQFQFooSQxNM2g/profile-displayphoto-shrink_800_800/profile-displayphoto-shrink_800_800/0/1664396211680?e=1776297600&v=beta&t=p8EfwD7H87Me9ga46jXi1gUXyPINOtQDpBoVE5hGRoI
PwC,Jeanelle Johnson,"Partner, Advisory, DC OMP",https://media.licdn.com/dms/image/v2/D4E03AQHTed1Czm0syA/profile-displayphoto-shrink_800_800/B4EZUfX9WXHUAg-/0/1739988131379?e=1776297600&v=beta&t=cbMWKmClE2fx-49GO1YMlJ6tLSY3cOzUp0zgfZlwafI
PwC,Samantha Kleine,"Director, Tax, America in Motion Practice Director",https://media.licdn.com/dms/image/v2/D4E03AQHD8cWUp7u57w/profile-displayphoto-crop_800_800/B4EZgy8l1XHgAM-/0/1753201401845?e=1776297600&v=beta&t=1jjS1_1bVuR8UQwhm77NllBJIdTTSbKJ2mMOI-qdQRI
PwC,Tamil Sriram,"Principal, Advisory",https://media.licdn.com/dms/image/v2/D4D03AQG6NKlDtdzGyA/profile-displayphoto-shrink_800_800/profile-displayphoto-shrink_800_800/0/1714872900699?e=1776297600&v=beta&t=qQaHTdtOslBEgziR4xyGw0ub52L9mwjAjXRmYsqHVjQ
PwC,Anna Green,"Partner, Tax",https://media.licdn.com/dms/image/v2/C5603AQFYN5cHs3N70Q/profile-displayphoto-shrink_800_800/profile-displayphoto-shrink_800_800/0/1543185101859?e=1776297600&v=beta&t=2Qvw4GI3g-4AMH_iTWl72Wgy8avYudHVQpIoKAspKJw
PwC,Hugh Le,"Principal, Advisory",https://media.licdn.com/dms/image/v2/C5603AQFJpXW_2_zDEw/profile-displayphoto-shrink_800_800/profile-displayphoto-shrink_800_800/0/1659643966859?e=1776297600&v=beta&t=E4CPF4htvIkDCSGmp1h9AHBsnYNNj__db9eqZCPtaDQ
PwC,James Gargas,"Partner, Advisory, Investigations & Forensics",https://media.licdn.com/dms/image/v2/D4E03AQEcZ144yXZV9w/profile-displayphoto-crop_800_800/B4EZndUCvTKgAI-/0/1760354643379?e=1776297600&v=beta&t=KFxE33N9aykAHkIqd5ns6Nua56NUbObAGH0oYH4vRNA
PwC,George Prokop,"Principal, Advisory, Investigations & Forensics",https://media.licdn.com/dms/image/v2/C4E03AQEXjbvf7mgiwg/profile-displayphoto-shrink_800_800/profile-displayphoto-shrink_800_800/0/1516245649334?e=1776297600&v=beta&t=MT6J3xhIANFNgqqGPNUhR-FkFcVqpsIPLLMeRM566_w
PwC US,Tonya Ugoretz,"Managing Director, Cyber and Risk Innovation Institute",https://media.licdn.com/dms/image/v2/D4E03AQEAcEqmtFeAeg/profile-displayphoto-crop_800_800/B4EZv70wKBHoAI-/0/1769456469066?e=1776297600&v=beta&t=oDk41-5Solibz4j8hL42THk20sAX-2ZED-zFqF3n8sU
PwC US,Vincent Parker,"Managing Director, Executive Communications",
Bank of America,,,
Bank of America,Claudio Irigoyen,Managing Director - Head of Global Economics ,https://media.licdn.com/dms/image/v2/C4D03AQGEWhlCzQApuw/profile-displayphoto-shrink_400_400/profile-displayphoto-shrink_400_400/0/1609297200876?e=1776297600&v=beta&t=lhFs3qhcXMv1TZcUsH93ZXSuTc9qXZtcqj0BBLBF6tA
Bank of America,Hari Gopalkrishnan,Chief Technology and Information Officer ,https://media.licdn.com/dms/image/v2/D4E03AQEaOTF9hqd90g/profile-displayphoto-scale_400_400/B4EZo8MeYSIIAg-/0/1761946495919?e=1776297600&v=beta&t=GiLf5MepP8rbGL-QpNNyxVk2bIiuRYSsmxU06Y1qL68
Bank Of America,Karen Fang,"Managing Director, Global Head Of Sustainable Finance, Bank Of America",https://media.licdn.com/dms/image/v2/C4E03AQHQQjZecZaHIw/profile-displayphoto-shrink_800_800/profile-displayphoto-shrink_800_800/0/1660877235454?e=1776297600&v=beta&t=UlrXSqGKFNzyWO2Sn2KtjaJQ4PAIEsQta-0o_L5xExg
Bank Of America,Trevor Koenig,Global Public Policy Executive,https://media.licdn.com/dms/image/v2/D4E03AQEFChEsdhmklQ/profile-displayphoto-shrink_800_800/profile-displayphoto-shrink_800_800/0/1729199515175?e=1776297600&v=beta&t=5aJ9vg6j_vEYY0Lx8he1a8fFGJ1hFkurRlVM5V9aBUg
Bank Of America,Robert Calamari,"Influencer, Measurement & Analytics Executive",https://media.licdn.com/dms/image/v2/C5603AQHk0RXalmt7Ew/profile-displayphoto-shrink_800_800/profile-displayphoto-shrink_800_800/0/1517402796682?e=1776297600&v=beta&t=Pb-Zlw4LzOWXbpZ0qwa9p9FsS6aE0Lo0qeibF10uUjU
Verizon,,,
Verizon,Dan Schulman,CEO,https://ss7.vzw.com/is/image/VerizonWireless/Leadership%20&%20Board%20of%20Directors%20-%20Leadership%20-%20Franz%20Paasche%20-%2021_9%20(1)?resMode=sharp2&scl=1
Verizon,Franz Paasche,"EVP, Corporate Affairs",https://www.verizon.com/about/sites/default/files/2023-04/dan_schulman_bio_photo_300x375.jpg
Verizon,Stacy Sharpe,EVP & Chief Communications Officer,https://media.licdn.com/dms/image/v2/D5603AQGa3Gf31M1L4A/profile-displayphoto-shrink_800_800/profile-displayphoto-shrink_800_800/0/1720797986689?e=1776297600&v=beta&t=Vv-WcNfrslcd0-ir3Avzic_UwWMzd6h3m3DuiM7E2mg
Verizon,Stephanie Agresti,"Associate Director, Strategic Partnerships & Executive Communications",https://media.licdn.com/dms/image/v2/C5603AQH7NCwuiTaNwA/profile-displayphoto-shrink_800_800/profile-displayphoto-shrink_800_800/0/1517365097352?e=1776297600&v=beta&t=iu7_piUnb4vxftGEwNyr9ezqT7RZl1A24BIas4Y0O6o
Verizon,Kathy Grillo,"SVP, Public Policy and Government Affairs",https://media.licdn.com/dms/image/v2/D4E03AQGADQ0H7wrG5A/profile-displayphoto-shrink_800_800/profile-displayphoto-shrink_800_800/0/1721332986900?e=1776297600&v=beta&t=pBx6A2p-b19RkgM0eu_JNQKM2r4c5sKo0aHX--al2pw
Verizon,Grant Tomihara,No info found,
Hyundai/Genesis,,,
Hyundai,José Muñoz,CEO,https://www.hyundai.com/content/dam/hyundai/ww/en/images/newsroom/news-image/2024/11/1115-1/gallery/gallery-241115-02-1.jpg
Hyundai,Euisun Chung ,Executive Chair,https://encrypted-tbn0.gstatic.com/images?q=tbn:ANd9GcQPLAnxScsZ821csuF65PmTiNodN-1jFGifLq-BLHO-u4lWs3q2UGyOAegPLlmTbiSa_brVISxrMoqGWwMsqOihXbJky3rjSS2t8ESSvQ&s=10
Hyundai Motor Group,Jae Hoon Chang,Vice Chair,https://mma.prnewswire.com/media/2440202/Hyundai_Motor_President_and_CEO_Jaehoon_Chang_Announced_as_New_Co_Chair_of_Hydroge.jpg?p=twitter
Hyundai Motor Company,Sung Kim,"President, Strategic Planning Division",https://ncafp.org/wp-content/uploads/2025/05/Leadership-Kim_400x400.jpg
Hyundai Capital,Chung Hyung Jin,President,https://about.hyundaicapital.com/resources/web/en/images/au/img_au_ceo01.jpg
Kia North America,Seung Kyu Yoon,President,https://media.licdn.com/dms/image/v2/D5603AQE9gYl_ve1pmA/profile-displayphoto-shrink_200_200/B56ZYdIT2aHQAY-/0/1744245440182?e=2147483647&v=beta&t=jwmp8tqbBk0MyW7IUGc2wYyg7u9977WoahudvqdXso8
Hyundai Motor Company,Randy Parker,"President, Hyundai Motor Americas Strategic Region",https://www.hyundainews.com/assets/images/hero-staff/51364-RandyParker14008.jpg
Hyundai/Genesis,Trevor Hale,"Vice President, Global Public Relations and Communications",https://encrypted-tbn0.gstatic.com/images?q=tbn:ANd9GcR4vZV_yZ1inTXjqd28kpxGFcTNe1dtSE_Y3g&s
Hyundai Motor Group,Andy Kim,Advisor,No info found
Hyundai Motor Company,Sean Sihyeok Lee,"SVP, Global Head of Genesis",https://www.sema.org/sites/default/files/inline-images/SeanLee-Genesis-1410x790.jpg
Hyundai Motor Company,Jung Hwan Hou,"EVP, Media Relations Group",https://encrypted-tbn0.gstatic.com/images?q=tbn:ANd9GcR4vZV_yZ1inTXjqd28kpxGFcTNe1dtSE_Y3g&s
Hyundai Motor Company,Yongseok Shin,"EVP, HMG Business Intelligence Institute",https://www.hyundai.com/content/dam/hyundai/ww/en/images/newsroom/news-image/2025/12/1218/gallery/gallery-1218-9.jpg
Hyundai Motor Company,Dong Jo Kim,"SVP, Strategic Policy Division, Global Policy Office",No info found
Hyundai Motor Company,Sean Lee,Global Head of Genesis,
Hyundai Motor Group,Guillaume Parvaix,Senior Manager,
PMI,,,
PMI,,,
,,,
,,,
Infosys,,,
Infosys Limited,Salil Parekh,CEO & Managing Director,https://www.infosys.com/content/dam/infosys-web/en/global-resource/photos/salil-parekh.jpg
Infosys,Sumit Virmani,Global Chief Marketing Officer,https://encrypted-tbn0.gstatic.com/images?q=tbn:ANd9GcREeONzR7ppQaEEai_ix2uytIUPVglsILPZUg&s
Infosys,Navin Ramoohan,"Senior Vice President, Segment Head - Marketing | Country Co-Head - Infosys UK",https://media.licdn.com/dms/image/v2/C4E03AQHRvRpl8XjN4Q/profile-displayphoto-shrink_200_200/profile-displayphoto-shrink_200_200/0/1653737538023?e=2147483647&v=beta&t=Dr3ZhvAOAUkbGdoBEhmwgaiHzGmS29nbrlnTzHtq9PE
Infosys,Rishi Basu,Global Head - Corporate Communications & PR,https://media.licdn.com/dms/image/v2/C5103AQFnHk5mmjLn7w/profile-displayphoto-shrink_200_200/profile-displayphoto-shrink_200_200/0/1582560826449?e=2147483647&v=beta&t=qneAy8GcAqIUJbUFWWVPeSC_UksRF4mrCuXii0z4-zA
Infosys,Ashiss Kumar Dash,"Global Head, SURE Unit",https://www.infosys.com/content/dam/infosys-web/en/confluence/images/2025/us/ashiss-kumar-dash.jpg
Infosys,Dennis Gada,"Global Head, Financial Services Unit",https://www.infosys.com/content/dam/infosys-web/en/confluence/images/2025/us/dennis-gada.jpg
Infosys,Inderpreet Sawhney,Chief Legal Officer and Chief Compliance Officer,https://www.infosys.com/content/dam/infosys-web/en/confluence/images/2025/us/inderpreet-sawhney.jpg
Infosys,Amar Harish Srikantaiah,"Associate Vice President, Office of the CEO and Corporate Strategy",https://media.licdn.com/dms/image/v2/C4E03AQHPz2tcLu2hgA/profile-displayphoto-shrink_200_200/profile-displayphoto-shrink_200_200/0/1516362788116?e=2147483647&v=beta&t=n8OTpgPU6KyEEhMslZDVHumCbQfNLftrrBIOBPoyN1A
Infosys,Abhishek Kumar Jha,"Regional Marketing, Infosys",https://images.contactout.com/profiles/ded412ce6c87252980cfdde31065b122
Infosys,Aparna Tantri,"Regional Marketing, Infosys",https://media.licdn.com/dms/image/v2/C5603AQHCl92gwmiKNg/profile-displayphoto-shrink_800_800/profile-displayphoto-shrink_800_800/0/1614215431198?e=1776297600&v=beta&t=NKa2V2EiMs_FjUF2EBR7kIluvd2wouodvIhem-3x1AQ
Infosys,Rashima Basu,"Global Marketing Director, Consumer, Retail & Logistics",https://media.licdn.com/dms/image/v2/D5603AQF1fvCXGysJuA/profile-displayphoto-crop_800_800/B56ZzQrfVqHUAI-/0/1773027641694?e=1776297600&v=beta&t=35YRptijCan1QCz4ZydGt6V0v1lePFtPfkmxGWsk6PY
"Infosys, Ltd.",Jeff Kavanaugh,"Head, Infosys Knowledge Institute",https://media.licdn.com/dms/image/v2/D5603AQFDRuJsxDWrSQ/profile-displayphoto-shrink_800_800/B56ZStKuxAGsAc-/0/1738072059479?e=1776297600&v=beta&t=27GNSUJIzVhpVUqdigMiL75g280safeKBjtXylRmUQ4
Mubadala + MGX,,,
Mubadala,Leena Kalthoum,Head Of Business Partnerships,https://media.licdn.com/dms/image/v2/C5103AQHTNlQ7-Rp0ng/profile-displayphoto-shrink_800_800/profile-displayphoto-shrink_800_800/0/1521462885573?e=1776297600&v=beta&t=rWi7E4QoRcp9hEjFf3RmExI5uqxPVT-cbYI-USWdXdI
Mubadala,Noor Issa,No info found,
Mubadala,Baraka Saleh Al Awalqi,SA Business Partnerships,https://media.licdn.com/dms/image/v2/D4D03AQE7g38rmDOFiw/profile-displayphoto-crop_800_800/B4DZejFCXbHAAI-/0/1750787698452?e=1776297600&v=beta&t=LXIEReeIzFKnSGuSOb4H3yPi9irdmcaETe5eJUGX7Q8
Mgx,Majed Bin Essa,Vice President- Communications,https://media.licdn.com/dms/image/v2/D4D03AQEBF_CjjbO-cw/profile-displayphoto-shrink_800_800/profile-displayphoto-shrink_800_800/0/1665648939326?e=1776297600&v=beta&t=Lt5jxMU9LufnKhH68f1E_aI7L8KMiv00kSFoCuBm4Bs
Gallup,,,
Gallup,Jim Clifton,Chairman,https://media.licdn.com/dms/image/v2/D4E03AQGp2qftVfBNaw/profile-displayphoto-shrink_800_800/profile-displayphoto-shrink_800_800/0/1720519288841?e=1776297600&v=beta&t=XrArdQa2Uc4IB809ZYqWPl6BXyyqC_nFvfQgFt3mSfk
Gallup,Vipula Gandhi,"Managing Partner, Global Head Of Enterprise Business",https://media.licdn.com/dms/image/v2/C4D03AQGZNcHJje3jqw/profile-displayphoto-shrink_200_200/profile-displayphoto-shrink_200_200/0/1624096467845?e=2147483647&v=beta&t=2OU-prEwWNp5qm0qirP61Po3DscioxSFXBcVeLExZNs
Gallup,Jeremie Brecheisen,Gallup EMEA Managing Partner,"https://imagekit.gallup.com/fusion/tr:n-emd_people,dpr-2/AUTHORS/8edb6d8d-9246-49e9-9c4f-94e5e916281e.jpg"
Gallup,Joe Daly,"Global Managing Partner, Public Sector Group",https://media.licdn.com/dms/image/v2/D5603AQEbdGgPeu39JA/profile-displayphoto-shrink_200_200/profile-displayphoto-shrink_200_200/0/1694445386617?e=2147483647&v=beta&t=zutz9pqkjgQer9Avg-dZxg5jh_AYGlaHdADjilaN2w0
Gallup,Jennifer Porter,Director Of Hospitality,https://media.licdn.com/dms/image/v2/D4E03AQFIqp_rV_YkUA/profile-displayphoto-crop_800_800/B4EZzK_oGuIQAM-/0/1772932205602?e=1776297600&v=beta&t=No13OqSI953ab29ti3cRu-qUeFbMiIoD1J7C9u-XWlQ
Gallup,Christine Sheehan,Chief Of Staff,https://leadershipri.org/wp-content/uploads/2021/01/Christine-scaled.jpg
Gallup,Sara Huston,Portfolio Director,https://media.licdn.com/dms/image/v2/C4D03AQGHMo6-tONwnA/profile-displayphoto-shrink_800_800/profile-displayphoto-shrink_800_800/0/1516260872584?e=1776297600&v=beta&t=4kB7VVP232sRelj2NX0Lg5jqBIg29yNdlD8x1U-z74g
Gallup,Annika Leonhard,Director Of Consulting EMEA,https://media.licdn.com/dms/image/v2/D4E03AQFGqu3N9nUBBA/profile-displayphoto-shrink_800_800/profile-displayphoto-shrink_800_800/0/1686822475753?e=1776297600&v=beta&t=O-fk9wnirkxbVc-Fu3qMj_TZ9P_9a06WC3JaGDFUtQo
Gallup,Dan Foy,"Principal, Global Analytics",https://media.licdn.com/dms/image/v2/D5603AQEyykw1Vdc7BQ/profile-displayphoto-shrink_200_200/profile-displayphoto-shrink_200_200/0/1713876409556?e=2147483647&v=beta&t=ktPF3MvKQHJ3FS5LO5v73Ls1A6OmSIQGECA3o86PJYw
Gallup,Katherine Ward,"Operations Director, Gallup EMEA",https://media.licdn.com/dms/image/v2/D4E03AQHW4BphkyoRLw/profile-displayphoto-shrink_800_800/profile-displayphoto-shrink_800_800/0/1687978373138?e=1776297600&v=beta&t=SbM8BxUAt3gE2ubFdCSIgAv6mmixaV9laxnW5s45m7s
Gallup,Riada Asimovic Akyol,Strategic Communications Senior Manager,https://media.licdn.com/dms/image/v2/D4E03AQHpywG9ZRWYtQ/profile-displayphoto-shrink_800_800/profile-displayphoto-shrink_800_800/0/1682878742117?e=1776297600&v=beta&t=_GJeDrj-jwXSqdD2Br0jiTJlxxO6RNMF8SEQkl9z4Ug
Gallup,Mary Evans,Deputy Director,https://media.licdn.com/dms/image/v2/D4E03AQG6s8USuwSpvA/profile-displayphoto-crop_800_800/B4EZ0vyb0aHsAM-/0/1774623247012?e=1776297600&v=beta&t=6bYPqVx9H_Jd4g5DZW4DnAWVDov3-FVpYPy6V2KRfKE
Gallup,Alok Patel,Principal,https://media.licdn.com/dms/image/v2/C5603AQGJt_msjViavw/profile-displayphoto-shrink_800_800/profile-displayphoto-shrink_800_800/0/1517491887939?e=1776297600&v=beta&t=YIGX-WjECntwoxQDmKOIuVp8OcFlpYBeGS_B9eqEI2s
Gallup,Annie Speer,Strategic Communications Manager,https://media.licdn.com/dms/image/v2/D4E03AQG_ntNHoW_T4w/profile-displayphoto-shrink_800_800/profile-displayphoto-shrink_800_800/0/1718216336173?e=1776297600&v=beta&t=AuUhBj8VOmhkyEM1oDI3X2RrjwO-r5Nk73Sanf5C5BE
Gallup,Ilana Ron Levey,Managing Director,"https://imagekit.gallup.com/fusion/tr:n-emd_people,dpr-2/AUTHORS/yp6fgrnkhekdxikdyhix_g.jpg"
Gallup,Anna Sawyer,Partner,https://media.licdn.com/dms/image/v2/C5603AQFJNUQyGhaZnQ/profile-displayphoto-shrink_800_800/profile-displayphoto-shrink_800_800/0/1516628054104?e=1776297600&v=beta&t=6BSLvKH4_XwejHOV5qf2CHV0DC3aFeetHIsQs89UQ30
Gallup,Kristen Lipton,Managing Partner,"https://imagekit.gallup.com/fusion/tr:n-emd_people,dpr-2/AUTHORS/b2b0ed6d-0f8c-476d-b8bd-5b217f2f5bb5.jpg"
Cisco,,,
Cisco,Chuck Robbins,CEO,https://newsroom.cisco.com/c/dam/r/newsroom/en/us/assets/executives/chuck-robbins/Chuck_Robbins_Thumbnail3.jpg
Cisco,Jeetu Patel,President & Chief Product Officer at Cisco,https://newsroom.cisco.com/c/dam/r/newsroom/en/us/assets/executives/jeetu-patel/Patel_Jeetu_Thumbnail_1000x1200_0425.jpg
Cisco,Liz Centoni,Chief Customer Experience Officer,https://newsroom.cisco.com/c/dam/r/newsroom/en/us/assets/executives/liz-centoni/Liz_Centoni_Thumbnail.jpg
Cisco,Steve Clayton,Chief Communications Officer,https://newsroom.cisco.com/c/dam/r/newsroom/en/us/assets/executives/steve-clayton/Steve-Clayton-Thumbnail3.jpg
Cisco,Janine Daniel,"VP, Operations",https://media.licdn.com/dms/image/v2/C5603AQGI2ZtJzwbzMg/profile-displayphoto-shrink_800_800/profile-displayphoto-shrink_800_800/0/1637780353612?e=1776297600&v=beta&t=yIE0rpTZwSE9TjF1iUgR08MjrVo2BIdvftLas41qkgQ
Cisco,Nicole Isaac,"Vice President, Global Public Policy",https://blogs.cisco.com/gcs/ciscoblogs/1/2024/08/niisaac.jpg
Cisco,Amy Bunn,"VP, Communications",https://media.licdn.com/dms/image/v2/D4E03AQGan8TDVqcbpw/profile-displayphoto-shrink_800_800/profile-displayphoto-shrink_800_800/0/1704921513425?e=1776297600&v=beta&t=eYFnjVOwp2gxMwdA3nYRRU6q3SSmh8VmmAQV-SsCtw0
Cisco,Sarah Schakow,"Director, Public Affairs",https://pbs.twimg.com/profile_images/788861049554538496/sdRFbqKN_400x400.jpg
Cisco,Krysten Jenci,"Director of Public Policy, Global Government Affairs",https://media.licdn.com/dms/image/v2/D4E03AQELa6w4w4Tp5g/profile-displayphoto-crop_800_800/B4EZsOnM1oJ0AI-/0/1765476717065?e=1776297600&v=beta&t=25-Z9mDecUw-h9gv3ep847je7x56cNywjJ-Zp_LUiLs
Cisco,Eric Wenger,Senior Dir Cyber & Emerging Tech Policy,https://blogs.cisco.com/gcs/ciscoblogs/1/2020/09/6DC8F2DB-E2AF-4E30-914E-3C9A7D62BFBF-150x150.jpeg
Cisco,Tiffany Saade,"Product Manager, AI Security",https://media.licdn.com/dms/image/v2/D4D03AQGuc6jABfCsdA/profile-displayphoto-crop_800_800/B4DZutJcPcJYAI-/0/1768136492816?e=1776297600&v=beta&t=sRB7ZR1-eF7GCuJQMz1HO4gm9IYV9-69uzHjxMuehfY
KPMG,,,
KPMG,Tim Walsh,Chair And CEO,https://kpmg.com/kpmg-us/content/dam/kpmg/corporate-communications/image/2025/tim-walsh-2025.png
KPMG,Matt Miner,"Vice Chair – Legal, Regulatory, & Compliance And General Counsel",https://db-fastly.legal.io/article/67acb593a59eb73e7a274b1b/1739567427.jpeg?auto=webp
KPMG,Kenya Robinson,Communications Manager,No image found
KPMG,Kashti Khan,"Senior Associate, Digital Channel Activation",No image found
KPMG,Dan Knight,"Director, Public Affairs",https://media.licdn.com/dms/image/v2/D4E03AQGf-gi7C2nLyQ/profile-displayphoto-shrink_800_800/profile-displayphoto-shrink_800_800/0/1722256499414?e=1776297600&v=beta&t=Sr9A6s_GYR4AQlgDjDHFVq6kABlOh4eLAN0g3bt8auM
KPMG,Molli Flynt,Managing Director; Chief Of Staff To The CEO,https://media.licdn.com/dms/image/v2/C4E03AQFg3GopUSWG6A/profile-displayphoto-shrink_800_800/profile-displayphoto-shrink_800_800/0/1517669700996?e=1776297600&v=beta&t=kC9EMdnq02gkxMT1i1t1eOKPbLsKnSldFeRa2YKBU9M
KPMG,Harold Kim,"Principal-in-Charge, Office Of Government Affairs And Public Policy At KPMG LLP",https://uschamber.imgix.net/https%3A%2F%2Fwww.uschamber.com%2Fassets%2Fimages%2Fheadshots%2FKim1-ImpactfulBlue.jpg?auto=compress%2Cformat&crop=focalpoint&fit=crop&fm=jpg&fp-x=0.5241&fp-y=0.3374&h=750&q=75&w=600&s=10442a2fb05998ac3608c3ab4a28fff8
KPMG,Jennifer Linardos,Client Relations & Strategy Lead I Office of the Chair,https://media.licdn.com/dms/image/v2/D4E03AQFeqimgQIfKuQ/profile-displayphoto-crop_800_800/B4EZy5lLJ_JYAI-/0/1772640056775?e=1776297600&v=beta&t=6WTgc32R_U_pThtoTRKtU2sAtzqnHq_MlTJ3ViOjrzA
KPMG,Atif Zaim,Deputy Chair And Managing Principal Of KPMG,https://kpmg.com/kpmg-us/content/dam/kpmg/corporate-communications/image/2025/Atif_final.png
KPMG,Mark Fitzgerald,Principal,https://assets.kpmg.com/is/image/kpmgcloud/mark-fitzgerald:cq5dam-web-598-598?wid=562&hei=562
KPMG,Maureen Davenport,Chief Corporate Affairs Officer,https://media.licdn.com/dms/image/v2/D4E03AQER1AeySx0AUQ/profile-displayphoto-crop_800_800/B4EZwpdqmjIMAI-/0/1770222168868?e=1776297600&v=beta&t=C2-ySkGKKmA7LRnMiSGDl5l_MaKTskOVx44092u2LmU
KPMG,Ozan Cakmak,Director,https://assets.kpmg.com/is/image/kpmgcloud/cakmak-ozan:cq5dam-web-320-320?wid=320&hei=320
KPMG,Robert Gilpin,Global Lead - International Development Assistance Services (IDAS) Institute,https://media.licdn.com/dms/image/v2/C4E03AQGImaexhQxiAA/profile-displayphoto-shrink_800_800/profile-displayphoto-shrink_800_800/0/1516347082102?e=1776297600&v=beta&t=8pfRiFGvuedd0n27xUK-qy8A-BFdpVfsA3ZzQV3lavw
Indeed,,,
Indeed,Deko (Hisayuki) Idekoba,"CEO and President of Indeed & Representative Director, President & CEO of Recruit Holdings",https://media.licdn.com/dms/image/v2/D5603AQGFBbBpJ2G3sQ/profile-displayphoto-shrink_800_800/B56ZcXw402GoA0-/0/1748450381627?e=1776297600&v=beta&t=O0YXU0uYyi9bWhEceEmR3kpm0_VZ94hCEAEiJPi2NIw
Indeed,Laura Ullrich,Director of Economic Research in North America,https://media.licdn.com/dms/image/v2/D4E03AQGAUomH15ESbA/profile-displayphoto-shrink_800_800/profile-displayphoto-shrink_800_800/0/1692044656147?e=1776297600&v=beta&t=vmB909fgKDN9jX5j_4YLgFesjFhudP7eT5uR9BRmksE
Indeed,Maggie Hulce,Chief Revenue Officer,https://media.licdn.com/dms/image/v2/C4E03AQEdLmiPCx4qhw/profile-displayphoto-shrink_800_800/profile-displayphoto-shrink_800_800/0/1573441483498?e=1776297600&v=beta&t=DLZqxxWINPQoU9h82IdAH5TNcO1T1y7naT3kP7Cxilo
Indeed,James Whitemore,Chief Marketing Officer,https://media.licdn.com/dms/image/v2/D5603AQEkXqZbuSafgA/profile-displayphoto-crop_800_800/B56ZlOZaArI4AI-/0/1757956907447?e=1776297600&v=beta&t=NPs12ffZqBIGuN-toey12wWZV58dRQVIFQY19xXXM40
Indeed,Anthony Moisant,Chief Information and Technology Officer,https://recruit-holdings.com/fetch/img/fdbc3n76uu0x/6tkd0T7QBMfFtp1pZsZjGK/8a6e3676ba11e8c508b468f1a9f83ce2/Profile.jpg?w=1920&h=2560&fl=progressive&q=50&fm=jpg&bg=rgb%3Af3f5fa
Indeed,Samantha Zupan,"GVP, Communications",https://media.licdn.com/dms/image/v2/D5603AQGgyhYYhJ5bSA/profile-displayphoto-scale_200_200/B56ZuUfOLmJcAY-/0/1767722774611?e=2147483647&v=beta&t=iydAKiN_vI3FK2wFDqP6fLi8jcJe7wyXTlrY1TSnrOw
Indeed,Matthew Jensen,"Senior Director, Government Relations and Public Policy",https://media.licdn.com/dms/image/v2/D4E03AQHlXLYpEwlOfw/profile-displayphoto-shrink_800_800/profile-displayphoto-shrink_800_800/0/1719440875692?e=1776297600&v=beta&t=7Udjv0lJS-G9mGzkHsTt0AC2uNoOhfJDNKXrsFCcYzM
Indeed,Mauricio Plaschinski,"VP, GTM Commercial",https://media.licdn.com/dms/image/v2/C4E03AQEwcPlU-Jx2Sg/profile-displayphoto-shrink_800_800/profile-displayphoto-shrink_800_800/0/1517676806334?e=1776297600&v=beta&t=X9m3gnIR6Zw_mcZuFhV4Hu_UW-GllHoSUuf1E1Ndi-Y
Indeed,Carrie Engel,"Director, Public Relations",https://media.licdn.com/dms/image/v2/C4D03AQH9q0k4gDLLrw/profile-displayphoto-shrink_800_800/profile-displayphoto-shrink_800_800/0/1582830199896?e=1776297600&v=beta&t=IXb1DQjlTWPYWTzyxN-CvBKkK2FTEhZNTm4WYmqJ3Bs
Indeed,Alexis Taylor,"Senior Manager, Sustainability Strategy & Compliance",https://assets.weforum.org/author/image/responsive_small_webp_k_46nTlF6SbONS-j5slI6gtGNJldHqISw9M3Az1mEuY.webp
West Health,,,
West Health,Shelley Lyford,CEO,https://westhealth.org/wp-content/uploads/2023/10/Shelly.jpg
West Health,Tim Lash,President,https://westhealth.org/wp-content/uploads/2023/10/Tim-Lash-Headshot-scaled-e1656699713706.jpg
West Health,Zia Agha,Chief Medical Officer,https://media.licdn.com/dms/image/v2/C4E03AQHWuCgdMPqMPQ/profile-displayphoto-shrink_800_800/profile-displayphoto-shrink_800_800/0/1517704820065?e=1776297600&v=beta&t=uF3X6t5EfX5w343N6PTZAorP0n5GxqzfD88d3Dl1wOU
West Health,Jon Zifferblatt,Chief Strategy Officer,https://media.licdn.com/dms/image/v2/C4E03AQG7SO6VYr7S9A/profile-displayphoto-shrink_800_800/profile-displayphoto-shrink_800_800/0/1516233125345?e=1776297600&v=beta&t=EOu_Cq1uIW0SweRBmRy1wHm7TCtjLnBAkdrKsZ0p5A0
CRH,,,
CRH,Jim Mintern,CEO,https://media.licdn.com/dms/image/v2/D4D03AQHACHqEKr9GrQ/profile-displayphoto-crop_800_800/B4DZvcapnEGUAU-/0/1768929538061?e=1776297600&v=beta&t=p76Q0L3CUkqFq97wmLNP04jdJTLR2E6duJruCVzqJ-k
CRH,Timo Burbidge,"VP, Corporate Communications",https://media.licdn.com/dms/image/v2/D4E03AQEE3Y6Tz6nJxQ/profile-displayphoto-shrink_800_800/profile-displayphoto-shrink_800_800/0/1722793988951?e=1776297600&v=beta&t=V1uX7OAZv2lt19nudYxqM9DoB8Tk1nVAHkbYm3pMwsM
CRH,Nathan Creech,President Of CRH Americas,https://www.crh.com/wp-content/uploads/2025/08/nathan-creech.png
CRH,Ryan Lindsey,Head Of Government Relations,https://media.licdn.com/dms/image/v2/D5603AQEkIsvSpy4oqw/profile-displayphoto-shrink_800_800/profile-displayphoto-shrink_800_800/0/1700192160887?e=1776297600&v=beta&t=WtQEx5N5EFapnCUfaIuNqpak5OrB7vonZKBPldss6ig
CRH,Pádraig Ó Ríordáin,Chief Legal And Corporate Affairs Officer,https://www.crh.com/wp-content/uploads/2025/08/padraig-oriordain.png
CRH,Lauren Schulz,Chief Communications Officer,https://media.licdn.com/dms/image/v2/D4E03AQEQ_j84d3f51A/profile-displayphoto-shrink_800_800/profile-displayphoto-shrink_800_800/0/1724708421783?e=1776297600&v=beta&t=7Mmfb_TO9FiFXDeDyaFO122sD_PhzDUE6j6qOkD_FWo
Coupang,,,
Coupang,Rob Porter,Chief Global Affairs Officer,https://www.kedglobal.com/data/ked/image/2023/07/04/ked202307040001.338x.0.png
Coupang,Bill Anaya,"Vice President, Global Government Affairs",https://media.licdn.com/dms/image/v2/C4D03AQH2TpS43z12gg/profile-displayphoto-shrink_800_800/profile-displayphoto-shrink_800_800/0/1633806392903?e=1776297600&v=beta&t=JQT343Me1LtVKnwmQ1BbwrK7BeAqB_iV7bKMcXdyikI
Coupang,Ari Zimmerman,"Senior Director, Global Government Affairs",https://media.licdn.com/dms/image/v2/D4E03AQFDZsUeSHvQZQ/profile-displayphoto-shrink_800_800/profile-displayphoto-shrink_800_800/0/1731082755384?e=1776297600&v=beta&t=-7n2ZqzUAFY8-fnTgyN_ZrHtfq35Te7kmctzs9Wr36k
Coupang,Tricia Van Orden,"Head Of Strategic Partnerships, Coupang",https://www.trade.gov/sites/default/files/styles/bio_card/public/2022-07/2022%20TVO%20Headshot%20A1.jpg?itok=XS8ARPxO
Coupang,Jason Park,"Director, Government Affairs",https://media.licdn.com/dms/image/v2/C5603AQEihpplN-TWGw/profile-displayphoto-shrink_800_800/profile-displayphoto-shrink_800_800/0/1654724954215?e=1776297600&v=beta&t=yDocFbntCeZ-UMYupDjjRyPJzTW7UqjMpScDHv5A4hA
Coupang,Scott Jacobs,"Head Of Global Public Policy, Coupang",https://media.licdn.com/dms/image/v2/C4D03AQF50eFweGFp1g/profile-displayphoto-shrink_800_800/profile-displayphoto-shrink_800_800/0/1633186420181?e=1776297600&v=beta&t=l8GwotZG38HyS9KeJqg8M_77kX5XkND-TgE93ErYqYc
Coupang,John Hughs,"Director, Global Public Policy",No image found
Coupang,Ashley Bright,Head Of Global Policy Communications,https://media.licdn.com/dms/image/v2/D4E03AQHVrOdqI1K_uA/profile-displayphoto-shrink_800_800/B4EZTQ0JhLGgAg-/0/1738670119973?e=1776297600&v=beta&t=E56nbvgrHVpF1B94kEC0R8oVPsemsnWT0kVHQzd7Nf4
Coupang,James Rubenson,Principal Global Public Affairs Writer,No image found
Coupang,Jay Bryant,Global Public Affairs,https://media.licdn.com/dms/image/v2/D5603AQHvZ8X-f4-ZMQ/profile-displayphoto-shrink_800_800/profile-displayphoto-shrink_800_800/0/1722449673322?e=1776297600&v=beta&t=xW6HFtTxMfUkY1DFKBiGg6lpCv87jfWlyivgzgnbNpU
Coupang,Erika Reynoso,Head Of Global Public Affairs,https://media.licdn.com/dms/image/v2/D4E03AQEbW0fP_kxb5w/profile-displayphoto-crop_800_800/B4EZk7c8e6KoAI-/0/1757639075475?e=1776297600&v=beta&t=Du17YLvcWU-baQ4usjdA8IREaMXCpZSYX61fryJk2IM
Coupang,Bethany Hoffman,Government Affairs Manager,No image found
Coupang,Katerina Geisler,Operations Lead,https://media.licdn.com/dms/image/v2/D4E03AQFXHd5IoUu1JQ/profile-displayphoto-crop_800_800/B4EZw9dfKiHgAI-/0/1770557666459?e=1776297600&v=beta&t=_GyS_xljwW8h3QH8Vdqufzrequ3giWlxKx_TizHgI0M
Scneider Electric,,,
Schneider Electric,Aamir Paul,"President, North America",https://media.licdn.com/dms/image/v2/D5603AQHzkAum6f67xQ/profile-displayphoto-shrink_800_800/profile-displayphoto-shrink_800_800/0/1723843859588?e=1776297600&v=beta&t=21vlU8zo8AyWtjjEiHZGpfTP8X1oyVt7QawJb1G3r0w
Schneider Electric,Jeannie Salo,Chief Public Policy Officer,https://media.licdn.com/dms/image/v2/D4E03AQGwmWpt6kjPIA/profile-displayphoto-shrink_200_200/profile-displayphoto-shrink_200_200/0/1731850872679?e=2147483647&v=beta&t=eYw2HlnB9AsowVWv3VgcMPkBr9ZPyRmnYBX-1HwHjO4
Schneider Electric,Steven Carlini,VP Of Innovation & Data Centers,https://www.se.com/us/en/assets/wiztopic/605df4d782f2053b7c5bb2a1/Steven-Carlini-jpg_square.jpg
Schneider Electric,Robert Roseman,Chief Of Staff,https://media.licdn.com/dms/image/v2/D4E03AQEr9bDAn3LcyA/profile-displayphoto-scale_200_200/B4EZkaERCzHgAg-/0/1757078951341?e=2147483647&v=beta&t=_tZby3_RK3JWRIvjdHwQxDh4VOuUvaj0JMPmppPGa_w
Schneider Electric,Alexa Roth,Chief Of Staff,https://media.licdn.com/dms/image/v2/D5603AQFCY0A8DpVkYQ/profile-displayphoto-shrink_200_200/profile-displayphoto-shrink_200_200/0/1680532023351?e=2147483647&v=beta&t=DYBNjrxb5qLj4zA0I2HyAs0tdYPya2r4TRfelJ-iNis
Schneider Electric,Trevor Grady,"Manager, Communications",https://media.licdn.com/dms/image/v2/D5603AQFelg06_APu8Q/profile-displayphoto-shrink_200_200/profile-displayphoto-shrink_200_200/0/1729272790099?e=2147483647&v=beta&t=BMLzGCkbeWePbgEnHA-CB30QmPB2FYkkBdNxN3d3sMY
Schneider Electric,Olivia Hanley,Marketing Strategic Programs Manager,https://media.licdn.com/dms/image/v2/D4E03AQEKOrw2zsS0ng/profile-displayphoto-crop_800_800/B4EZzUGwaZKkAI-/0/1773085067731?e=1776297600&v=beta&t=XSp_PFYUtiXJzz2_v2EuFkKxd_EEImtq_IiYC55cm_w
Schneider Electric,Ferron Dunham,"Director, C-Level Marketing",No image found
Schneider Electric,Tom Millas,"Vice President, Brand & Communications (North America)",https://media.licdn.com/dms/image/v2/D5603AQHrpyNxiszH2Q/profile-displayphoto-shrink_800_800/profile-displayphoto-shrink_800_800/0/1725548472164?e=1776297600&v=beta&t=LW9diTrvjRWTgThmTUPxJJ6j32e_6_Yc-vvExWX36e8
Schneider Electric,Erin Kalidindi,"VP, USA Energy Management and C-Level Marketing",https://media.licdn.com/dms/image/v2/D4E03AQEynaPPT1_FYg/profile-displayphoto-crop_800_800/B4EZu89WknIwAQ-/0/1768401759313?e=1776297600&v=beta&t=LisZO5K_ZmprOt69IGJUsetBQfVZ9ZgD8rQUvgELmhE
Schneider Electric,Manish Kumar,EVP Digital Electric,https://media.licdn.com/dms/image/v2/D4E03AQHpQMF86hLfpg/profile-displayphoto-crop_800_800/B4EZ0OaZNiIUAI-/0/1774063294000?e=1776297600&v=beta&t=XK5E9YHUbbSAYfTL6wJ3_AlZz7dhzf_kaBNx2mRfddU
Schneider Electric,Guillaume Le Goïc,"SVP, Power Systems & ETO",https://www.se.com/us/en/assets/wiztopic/63cff2f080a44182f60e67e4/Guillaume-Le-Gouic-jfif_square.jpg
Schneider Electric,Vincent Petit,"SVP, Climate And Energy Transition Research",https://media.licdn.com/dms/image/v2/D4E03AQFc0Y7be_wRBg/profile-displayphoto-shrink_400_400/profile-displayphoto-shrink_400_400/0/1703866031471?e=2147483647&v=beta&t=XbtNFR-sK0zmEmsOCKQbmL-rLrAGIGrmLKOPyUGzOdE
Schneider Electric,Michele Hix,"VP, Strategic Customers",https://media.licdn.com/dms/image/v2/D5603AQFpxgdNbgqrNQ/profile-displayphoto-crop_800_800/B56Zy5qG1VHsAI-/0/1772641349807?e=1776297600&v=beta&t=w8UugEIhA_dc1ibgVYUazjs9WKaDHk0x-pbbA7EtCRs
Schneider Electric,Chris Collins,"SVP, Digital Buildings",https://www.nacleanenergy.com/images/articles/OK/Chris-Collins-of-Schneider-Electric-jpg_square.jpg
Chevron,,,
Chevron,Ryder Booth,Chief Technology and Engineering Officer,https://www.chevron.com/-/media/chevron/who-we-are/leadership/redesign-leader-bio/bio-leader-booth-ryder.jpg?h=330&hash=0DE08DD31941B9FB49BCCA7AD3592F25
,,,
Stand Together,,,
Stand Together,Brian Hooks,Chairman and CEO,"https://fedsoc.org/cdn-cgi/image/fit=scale-down,width=320,format=jpeg/https://fedsoc-cms-public.s3.amazonaws.com/headshots/PQJwTxxcYIaA7YYBrVtiQAD2V7itCWFMnNgpIxnl.jpeg"
,,,
LinkedIn,,,
,,,
Fermi America,,,
Fermi America,Toby Neugebauer,(Co-Founder & CEO,https://fermiamerica.com/nitropack_static/FQXoEZyAlpbQLYIxYpQUnLgAIeGqfdsQ/assets/images/optimized/rev-71e3fd4/fermiamerica.com/wp-content/uploads/2025/10/Toby-Heeadshot-500x500.jpg
,,,
Salesforce,,,
Salesforce,Kendall Collins,CEO - Government Cloud & Missionforce,https://www.salesforce.com/news/wp-content/uploads/sites/3/2024/02/Kendall.jpg
Salesforce,Sabastian Niles,President & Chief Legal Officer,https://media.licdn.com/dms/image/v2/D4E03AQEl1H3E1e5dxg/profile-displayphoto-shrink_800_800/profile-displayphoto-shrink_800_800/0/1689516735409?e=1776297600&v=beta&t=Tdk1l3iuOjaNE2mduLYcRj0qxQvNl0a3Z2cYArkMqow
Salesforce,Vivienne Wei,COO,https://media.licdn.com/dms/image/v2/C5603AQFL36GFObwGvg/profile-displayphoto-shrink_800_800/profile-displayphoto-shrink_800_800/0/1636493026088?e=1776297600&v=beta&t=VZM6Cn_rsgvMXVui4OLx1MsPeRPk3veNILGlOb6f7b4
Salesforce,Charlotte Smith,"Senior Manager, Public Affairs",https://media.licdn.com/dms/image/v2/D4E03AQGE0pi0sYwfMQ/profile-displayphoto-shrink_800_800/B4EZZ89Y4nGYAc-/0/1745853190049?e=1776297600&v=beta&t=ESAb-ygvPtZiWv2_XcAMNay0vLhnr1btbPZATMnU-Pk
Salesforce,Margaret Taylor,"Director, Public Affairs",https://media.licdn.com/dms/image/v2/D5603AQHPyTY76xIZBg/profile-displayphoto-crop_800_800/B56ZjVaPglHQAM-/0/1755927083705?e=1776297600&v=beta&t=-ArncnnCDhfiJn1-_wwHBfhNhDx6fkujtYrN99Exodo
,,,
Weber Shandwick,,,
Weber Shandwick,Jim O'Leary,Global President/ CEO North America,https://encrypted-tbn0.gstatic.com/images?q=tbn:ANd9GcQn__jae35Q_C2_m1drzKMvVkkO4RNbsPQDiA&s
Weber Shandwick,Paul Massey,"President, Weber Shandwick, South & Weber Advisory",https://webershandwick.com/_next/image?url=https%3A%2F%2Fcms.webershandwick.com%2Fwp-content%2Fuploads%2F2025%2F04%2FPaulMassey1-copy.jpg&w=3840&q=75
Weber Shandwick,Ariel Bashi,Head Of Executive Visibility,https://media.licdn.com/dms/image/v2/D5603AQHz1cH4tGKnnQ/profile-displayphoto-crop_800_800/B56Zv3GP8xK4AQ-/0/1769377171751?e=1776297600&v=beta&t=KbTii9rLPzcXjl2zP7FZffzs7syktx4wqqmYX2V0EOw
Weber Shandwick,Meghann Curtis,EVP & Head Of Public Affairs,https://media.licdn.com/dms/image/v2/C4E03AQFpYegUBiPEFg/profile-displayphoto-shrink_800_800/profile-displayphoto-shrink_800_800/0/1626092835967?e=1776297600&v=beta&t=fpr0oPiljJEatrO6fT5OJtXmXwJeyULNsL6UlEHX-iI
Weber Shandwick,Ben Branham,"Executive Vice President, Advisory Practice Lead",https://media.licdn.com/dms/image/v2/D4E03AQEFR2M8lR8Y4g/profile-displayphoto-shrink_800_800/profile-displayphoto-shrink_800_800/0/1706318713575?e=1776297600&v=beta&t=JT6khDng2HzCOH28miDdK39v8mNrFnkPB8FVIYyFq6E
,,,
Lippincott,,,
Lippincott,Michael D’Esopo,CEO,https://media.licdn.com/dms/image/v2/D4E03AQFwdV4Zr8t20w/profile-displayphoto-scale_200_200/B4EZobBhP3JgAY-/0/1761389975052?e=2147483647&v=beta&t=mPLkAxI2EUpNXaSMac6Y-fDqvRQ3zje3_hidZa61bqQ
Lippincott,Taddy Hall,"Senior Partner, Experience Innovation/Strategy",https://eiwpyksmmiv.exactdn.com/wp-content/uploads/2022/01/TaddyFeature.jpg
Lippincott,David Mayer,"Senior Partner, Director Of Marketing And Customer Strategy",https://media.licdn.com/dms/image/v2/C4D03AQHl4eqq1nORGQ/profile-displayphoto-shrink_200_200/profile-displayphoto-shrink_200_200/0/1518476935576?e=2147483647&v=beta&t=DG7nbwrXK6PxdmpW0KrdhC-QnDeyXTw51P6c63M23jA
Lippincott,Christina Bowels,Marketing Manager,https://media.licdn.com/dms/image/v2/D4E03AQH4pgp8ezv71A/profile-displayphoto-shrink_800_800/profile-displayphoto-shrink_800_800/0/1715027196017?e=1776297600&v=beta&t=ykp42iPfLqKEJAroII0hpVzcEpBKf-PHMmD19yhmI5I
Lippincott,Robert Chedid,Partner And Head Of Marketing,https://media.licdn.com/dms/image/v2/D4E03AQF_GDgcwSsYEQ/profile-displayphoto-crop_800_800/B4EZuU2DUJGYAI-/0/1767728758187?e=1776297600&v=beta&t=kcOFKUFNwB0Yk57g0GRUMqT4uL7Sg_VCz7JhWlVf3Vc
,,,
FGS Global,,,
FGS Global,Alexander Geiser,CEO,https://fgsglobal.com/_next/image?url=https%3A%2F%2Fa.storyblok.com%2Ff%2F137553%2F1024x1400%2F0132881115%2Falexander-geiser.jpg&w=3840&q=75
FGS Global,Ken Mehlman ,Board Member,https://www.kkr.com/content/dam/kkr/bio/headshots/Ken%20Mehlman.jpeg
FGS Global,Mike Feldman,"Partner, Co-Chairman, North America",https://fgsglobal.com/_next/image?url=https%3A%2F%2Fa.storyblok.com%2Ff%2F137553%2F1024x1400%2F0a049d63f2%2Fmichael-feldman.jpg&w=3840&q=75
FGS Global,Winnie Lerner,"Partner, CEO, North America",https://fgsglobal.com/_next/image?url=https%3A%2F%2Fa.storyblok.com%2Ff%2F137553%2F1024x1400%2F90682bad89%2Fwinnie-learner.jpg&w=3840&q=75
FGS Global,Nick Luna,Partner,No image found
FGS Global,Richard Walters,Partner,https://fgsglobal.com/_next/image?url=https%3A%2F%2Fa.storyblok.com%2Ff%2F137553%2F1024x1400%2Fec93606798%2Frichard-walters_04.jpg&w=3840&q=75
FGS Global,Tom Johnson,"Partner, Global Head of Private Capital and Financial Services",https://cached.imagescaler.hbpl.co.uk/resize/scaleWidth/1272/cached.offlinehbpl.hbpl.co.uk/news/URP/TomJohnson.jpg
FGS Global,Capricia Marshall,Partner,https://a.storyblok.com/f/137553/1024x1400/90251a4671/capricia-marshall-placeholder-1.jpg
FGS Global,Joseph Caruso,Partner,https://s3.amazonaws.com/a.storyblok.com/f/137553/1024x1400/2f6ccea5e2/joseph-caruso.jpg
FGS Global,Morgan Hill,Director,https://fgsglobal.com/_next/image?url=https%3A%2F%2Fa.storyblok.com%2Ff%2F137553%2F1024x1400%2Ff28ceb04dd%2Fmorgan-hill.jpg&w=3840&q=75
FGS Global,Kaveh Farzad,"Managing Director, Global Public Affairs",https://fgsglobal.com/_next/image?url=https%3A%2F%2Fa.storyblok.com%2Ff%2F137553%2F1024x1400%2F77393094d2%2Fkaveh-farzad.jpg&w=3840&q=75
FGS Global,Mike Iger,Partner,https://fgsglobal.com/_next/image?url=https%3A%2F%2Fs3.amazonaws.com%2Fa.storyblok.com%2Ff%2F137553%2F1024x1400%2Fd9111939d7%2Fmike-iger.jpg&w=1080&q=75
FGS Global,Matthis Kaiser,Partner,https://fgsglobal.com/_next/image?url=https%3A%2F%2Fs3.amazonaws.com%2Fa.storyblok.com%2Ff%2F137553%2F1024x1400%2F34382c5424%2Fmatthis-kaiser.jpg&w=1080&q=75
FGS Global,Douglas Bove,Managing Director - Geopolitics,https://a.storyblok.com/f/137553/1600x830/53c686c9ed/doug-bove-announcement.png
FGS Global,Abby Deift,Managing Director,https://fgsglobal.com/_next/image?url=https%3A%2F%2Fa.storyblok.com%2Ff%2F137553%2F1024x1400%2F4f17fd67b1%2Fabby-deift.jpg&w=1080&q=75
FGS Global,Aaron Kwittken,"Partner, Global Head of AI and Innovation",https://fgsglobal.com/_next/image?url=https%3A%2F%2Fa.storyblok.com%2Ff%2F137553%2F1024x1400%2F63cfdf3104%2Faaron-kwittken.jpg&w=1080&q=75
FGS Global,Bryan Locke,Partner,https://s3.amazonaws.com/a.storyblok.com/f/137553/1024x1400/bfedef2317/bryan-locke.jpg
FGS Global,Charlie Sipkins,Partner,https://fgsglobal.com/_next/image?url=https%3A%2F%2Fa.storyblok.com%2Ff%2F137553%2F1024x1400%2F6d9bbab7e8%2Fcharlie-sipkins.jpg&w=1080&q=75
FGS Global,Charlotte Ivancic,Partner,No image found
FGS Global,Jenni LeCompte,Partner,https://fgsglobal.com/_next/image?url=https%3A%2F%2Fs3.amazonaws.com%2Fa.storyblok.com%2Ff%2F137553%2F1024x1400%2Fd97ae329c5%2Fjenni-lecompte.jpg&w=1080&q=75
FGS Global,Jennifer Loven,Partner,https://fgsglobal.com/_next/image?url=https%3A%2F%2Fs3.amazonaws.com%2Fa.storyblok.com%2Ff%2F137553%2F1024x1400%2Feb926045e0%2Fjennifer-loven.jpg&w=1080&q=75
FGS Global,Jill Lesser,Partner,https://fgsglobal.com/_next/image?url=https%3A%2F%2Fa.storyblok.com%2Ff%2F137553%2F1024x1400%2F382cb8f93d%2Fjill-lesser.jpg&w=1080&q=75
FGS Global,Julia Phelps,"Partner, Chief Marketing Officer and Head of Transformation",https://fgsglobal.com/_next/image?url=https%3A%2F%2Fa.storyblok.com%2Ff%2F137553%2F1600x830%2Fa53cb15c11%2Fweb-announcement_jp.png&w=3840&q=75
FGS Global,Nedra Pickler,Partner,https://cdn.theorg.com/017567a1-4dde-4cd3-9416-4816b65f330c_medium.jpg
FGS Global,Susan Claxton,,https://media.licdn.com/dms/image/v2/C4E03AQGroiNFR4ZQVg/profile-displayphoto-shrink_800_800/profile-displayphoto-shrink_800_800/0/1516309290398?e=1776297600&v=beta&t=tFPZx6zdkqq4jrvzowUVK4PNY7qujC-D0aW8r7e2qVA
FGS Global,Maya Friedson,Senior Associate,https://media.licdn.com/dms/image/v2/D4E03AQEz-nRURoatwA/profile-displayphoto-shrink_800_800/profile-displayphoto-shrink_800_800/0/1688322847385?e=1776297600&v=beta&t=eJNh7Rq26Sbzk6WLSQXoBIFSQfUyfxE3wnGofbR-cj8
FGS Global,Sophia Templin,Managing Director,https://fgsglobal.com/_next/image?url=https%3A%2F%2Fa.storyblok.com%2Ff%2F137553%2F1024x1400%2Fa0ec8994a2%2Fsophia-templin.jpg&w=1080&q=75
FGS Global,Sydney Neuhaus,"Partner, Vice Chair",https://fgsglobal.com/_next/image?url=https%3A%2F%2Fa.storyblok.com%2Ff%2F137553%2F1024x1400%2Fcc7ec00ab1%2Fsydney-neuhaus-8-25-22.jpg&w=1080&q=75
FGS Global,Beth Tritter,Partner,https://fgsglobal.com/_next/image?url=https%3A%2F%2Fa.storyblok.com%2Ff%2F137553%2F1024x1440%2F5f7251df8d%2Fbeth-tritter.jpg&w=1080&q=75
FGS Global,Catharine Ransom,Partner,https://fgsglobal.com/_next/image?url=https%3A%2F%2Fs3.amazonaws.com%2Fa.storyblok.com%2Ff%2F137553%2F1024x1400%2Fb16db41a0f%2Fcatharine-cyr-ransom.jpg&w=1080&q=75
FGS Global,Josh Tzuker,Partner,https://a.storyblok.com/f/137553/1024x1400/e585c540fc/josh-tzuker.jpg
FGS Global,Charlotte Kiaie,Partner,https://media.licdn.com/dms/image/v2/C5603AQEsWaj5PmKyJw/profile-displayphoto-shrink_800_800/profile-displayphoto-shrink_800_800/0/1644431417503?e=1776297600&v=beta&t=xJ-W-aP_EKOXtthB36LCdhND13MhhQhRLosarIocqXI
FGS Global,Christine Graeff,Global Chief Growth Officer,https://fgsglobal.com/_next/image?url=https%3A%2F%2Fa.storyblok.com%2Ff%2F137553%2F1024x1400%2F1afb4b06cb%2Fchristine-graeff.jpg&w=1080&q=75
FGS Global,Brett O'Brien,Partner,https://fgsglobal.com/_next/image?url=https%3A%2F%2Fs3.amazonaws.com%2Fa.storyblok.com%2Ff%2F137553%2F1024x1400%2Fd602898dbc%2Fbrett-obrien.jpg&w=1080&q=75
FGS Global,Gina Foote,Partner,https://fgsglobal.com/_next/image?url=https%3A%2F%2Fa.storyblok.com%2Ff%2F137553%2F1024x1400%2Fe680901e61%2Fgina-foote-1.jpg&w=1080&q=75
,,,
White & Case,,,
White & Case LLP,Heather McDevitt,Chair,https://media.licdn.com/dms/image/v2/D4E03AQG6dmkWPvBmuA/profile-displayphoto-scale_200_200/B4EZ0M5C6XIsAk-/0/1774037775682?e=2147483647&v=beta&t=NuZqlQQT8LepvQA5pcF8cH2fA6QRBbSoAGDlnnjYW2s
White & Case LLP,Hayden Baker,"Partner, New York",https://media.licdn.com/dms/image/v2/D4E03AQGxU_y6Si628A/profile-displayphoto-shrink_200_200/profile-displayphoto-shrink_200_200/0/1676313948394?e=2147483647&v=beta&t=CSgrCTPm5re-XbvhOX1SxoRk5937tOydu7muBE3KNxw
White & Case LLP,Mukund Dhar,"Partner, London",https://media.licdn.com/dms/image/v2/D4E03AQETcF_v72LnBg/profile-displayphoto-shrink_200_200/profile-displayphoto-shrink_200_200/0/1691598836741?e=2147483647&v=beta&t=Xur0SZOO1sAhYcC4Wo_cG3lFHgx95eVHCSoIeXqT9uk
White & Case LLP,Sylvia Statler,"Senior Manager, Integrated Marketing",No image found
White & Case LLP,Jackie Nov,Head Of Integrated Marketing,https://media.licdn.com/dms/image/v2/D4E03AQGYrX-_zXad4g/profile-displayphoto-scale_400_400/B4EZo384s.IUAg-/0/1761875299875?e=1776297600&v=beta&t=jsQ28oU-RG6s46TyRY7iDo4BUNMpxZ3HeSVOuAVgano
White & Case LLP,Ann Thielke,Head Of Communications,https://media.licdn.com/dms/image/v2/C4D03AQE_s0x3WZbo1Q/profile-displayphoto-shrink_400_400/profile-displayphoto-shrink_400_400/0/1643666300325?e=1776297600&v=beta&t=Vbze9jaOzYWiLLuGNMml5lpdCWZbUOO8Fbx2xMeScww
White & Case LLP,Jason Hill,Chief Marketing Officer,https://www.whitecase.com/sites/default/files/styles/og_image/public/images/bio/2024/10/Hill_Jason_FQ99_D8.jpg?h=af9482d8&itok=7tj9Yv8i
White & Case LLP,Jay Campbell,"Partner, International Trade",https://www.legal500.com/wp-content/uploads/sites/13/2020/06/ai-image-578819-1729010358.jpg
White & Case LLP,Ronit Feifer,"Business Development Manager, International Trade",https://media.licdn.com/dms/image/v2/D4E03AQFH1f19PBPAHg/profile-displayphoto-scale_400_400/B4EZhxP0luGcAk-/0/1754246630331?e=1776297600&v=beta&t=GKBppXAE5PY_nt8_MiBi1_RhBiNGGw-KzreN-I0xC2k
White & Case LLP,David Lim,"Partner, International Trade",https://www.whitecase.com/sites/default/files/styles/bio_thumbnail/public/new_bio_images/142930_Lim_David_web.jpg?h=075677a4&itok=0EXlPr1_
White & Case LLP,Cristina Brayton-Lewis,"Partner, International Trade",https://media.licdn.com/dms/image/v2/C5603AQF1KDnQF3Pgjg/profile-displayphoto-shrink_200_200/profile-displayphoto-shrink_200_200/0/1516343250229?e=2147483647&v=beta&t=a3flnu_sFBPdElur65jSLkOK8Hl91sVgV5-wGdNsjaw
White & Case LLP,David Bond,"Partner, International Trade",https://media.licdn.com/dms/image/v2/D4D03AQGTL9ugX45Mtg/profile-displayphoto-shrink_200_200/profile-displayphoto-shrink_200_200/0/1665521652042?e=2147483647&v=beta&t=CvOjg_wCLJl3t_UiWS05tLB9RsKbtqCywmhVcfjszOs
,,,
BNY Mellon,,,
BNY Mellon,Mahmoud Salem,Managing Director,https://assets.clay.earth/api/images/avatars/active/ODQ5ODYwMC01MzQwNjM1NzE=
BNY,Madiha Sattar,"Managing Director, Growth Ventures",https://media.licdn.com/dms/image/v2/D4D03AQGdkuov7E4U_Q/profile-displayphoto-shrink_200_200/profile-displayphoto-shrink_200_200/0/1704274521448?e=2147483647&v=beta&t=7gNuokR2niYD2zfKj-HhdiPg5EP_PGV8KBsyHPQOpds
BNY,Jason Granet,Chief Investment Officer,https://media.licdn.com/dms/image/v2/C4E03AQHxP0sCjCtjzg/profile-displayphoto-shrink_200_200/profile-displayphoto-shrink_200_200/0/1592229615294?e=2147483647&v=beta&t=lPZBYHN-n6o2dwncrWVo6reqsvOiUL_2Jip8hJsepJM
BNY,Christine Waldron,Global Head of Fund and Investor Solutions,https://ffnews.com/wp-content/uploads/2024/02/Christine-Waldron.jpg
Rubrik,,,
Rubrik,Bipul Sinha,Chief Executive Officer,https://media.licdn.com/dms/image/v2/D5603AQGY3cNnf1sDmA/profile-displayphoto-scale_200_200/B56ZwPdYklJQAY-/0/1769785887706?e=1776297600&v=beta&t=GyDPC9SDMyf7hCh_nLq1R7tJl86eY0CWeccalCksJp8
Rubrik,Jessica Moore,Chief Of Communications,https://media.licdn.com/dms/image/v2/C5603AQGzd9Ya2cFqdA/profile-displayphoto-shrink_200_200/profile-displayphoto-shrink_200_200/0/1527186086572?e=2147483647&v=beta&t=QrhmuFYbspV2B-l0guBpxmCnBjBM5Fk1ZAQFpyj4EJo
,,,
Hilton,,,
Hilton,Christopher Nassetta,President & CEO,https://media.licdn.com/dms/image/v2/C5603AQFlssA0cH5RHw/profile-displayphoto-shrink_200_200/profile-displayphoto-shrink_200_200/0/1564777577523?e=1776297600&v=beta&t=fEVUPdCXxbpBJp1fFIg2Ytg2upjOD9SWuuWjMpcWJBk
Hilton,Josie Hill,Corporate Communications,https://media.licdn.com/dms/image/v2/D4E03AQHfy0wAypc1BA/profile-displayphoto-shrink_200_200/profile-displayphoto-shrink_200_200/0/1718730909018?e=2147483647&v=beta&t=S0COvpNYxiyy63J4-pKSQWHqHIWl8SZYc50Byq1FrI0
Hilton,Kim Napolitano,"Executive Director, Industry Relations & Intermediary Group Sales",https://media.licdn.com/dms/image/v2/D5603AQGUvDcuECZ2PQ/profile-displayphoto-shrink_400_400/profile-displayphoto-shrink_400_400/0/1696702734437?e=1776297600&v=beta&t=jg5yCP_QJddONdWA_Ro2Vle_Qiub1EcMlu1eIGSyLSw
WeWork,,,
,,,
Amazon Business ,,,