Company,Full Name,Title,Image links
Bank of America,Claudio Irigoyen,Managing Director - Head of Global Economics,https://media.licdn.com/dms/image/v2/C4D03AQGEWhlCzQApuw/profile-displayphoto-shrink_400_400/profile-displayphoto-shrink_400_400/0/1609297200876?e=1776297600&v=beta&t=lhFs3qhcXMv1TZcUsH93ZXSuTc9qXZtcqj0BBLBF6tA
Bank of America,Hari Gopalkrishnan,Chief Technology and Information Officer ,https://media.licdn.com/dms/image/v2/D4E03AQEaOTF9hqd90g/profile-displayphoto-scale_400_400/B4EZo8MeYSIIAg-/0/1761946495919?e=1776297600&v=beta&t=GiLf5MepP8rbGL-QpNNyxVk2bIiuRYSsmxU06Y1qL68
BCG,Aparna Bharadwaj,"Managing Director & Senior Partner; Global Leader, Global Advantage Practice",https://web-assets.bcg.com/dims4/default/3d5bffb/2147483647/strip/true/crop/500x500+0+0/resize/500x500!/format/webp/quality/90/?url=http%3A%2F%2Fboston-consulting-group-brightspot.s3.amazonaws.com%2Fd8%2Fb2%2F3ab3e12347a4a713bfbfa28538e2%2Faparna-headshot-new-500-x-500.jpg
BCG,Christine Barton,"Managing Director & Senior Partner; North America Lead, CEO Advisory",https://web-assets.bcg.com/dims4/default/d14084b/2147483647/strip/true/crop/600x600+0+0/resize/500x500!/format/webp/quality/90/?url=http%3A%2F%2Fboston-consulting-group-brightspot.s3.amazonaws.com%2F3e%2F9f%2F4f5891cd49c594f918f52c573564%2Fchristine-barton-headshot.jpg
BCG,Rich Lesser,Global Chair,https://web-assets.bcg.com/dims4/default/0fb393b/2147483647/strip/true/crop/438x438+0+0/resize/500x500!/format/webp/quality/90/?url=http%3A%2F%2Fboston-consulting-group-brightspot.s3.amazonaws.com%2Fec%2Fd4%2Ffad1e872d14a053ebd3952083ec9%2Frich-lesser-updated-tcm9-242032.jpg
BCG,Sharon Marcil,"Managing Director & Senior Partner, North American Regional Chair",https://web-assets.bcg.com/dims4/default/344e235/2147483647/strip/true/crop/600x600+0+0/resize/1000x1000!/format/webp/quality/90/?url=http%3A%2F%2Fboston-consulting-group-brightspot.s3.amazonaws.com%2F71%2Fc4%2Fe5c04ef9472382803b88f66747e7%2Fsharon-marcil-headshot.png
BCG,Vladimir Lukic,"Managing Director & Senior Partner; Global Leader, Tech and Digital Advantage",https://web-assets.bcg.com/dims4/default/6801a84/2147483647/strip/true/crop/1000x1000+0+0/resize/1000x1000!/format/webp/quality/90/?url=http%3A%2F%2Fboston-consulting-group-brightspot.s3.amazonaws.com%2F52%2F2a%2F125873864241a1ffb79da1358c23%2Fvlad-lukic-headshot.jpg
Chevron,Ryder Booth,Chief Technology and Engineering Officer,https://www.chevron.com/-/media/chevron/who-we-are/leadership/redesign-leader-bio/bio-leader-booth-ryder.jpg?h=330&hash=0DE08DD31941B9FB49BCCA7AD3592F25
Cisco,Chuck Robbins,Chairman & CEO,https://newsroom.cisco.com/c/dam/r/newsroom/en/us/assets/executives/chuck-robbins/Chuck_Robbins_Thumbnail3.jpg
Cisco,Jeetu Patel,President and Chief Product Officer,https://newsroom.cisco.com/c/dam/r/newsroom/en/us/assets/executives/jeetu-patel/Patel_Jeetu_Thumbnail_1000x1200_0425.jpg
Cisco,Liz Centoni,EVP and Chief Customer Experience Officer,https://newsroom.cisco.com/c/dam/r/newsroom/en/us/assets/executives/liz-centoni/Liz_Centoni_Thumbnail.jpg
Citadel,Cason Carter,Global Head of Public Affairs,https://cc-tdi.org/wp-content/uploads/2018/08/Cason-Carter.jpg
Citadel,Josh King,Head of Corporate Affairs,https://www.citadel.com/wp-content/uploads/2024/09/Josh-King.jpg
Citadel Securities,Alex DiLeonardo,Chief People Officer,https://www.citadelsecurities.com/wp-content/uploads/sites/2/2023/11/Dileonardo_Headshot.jpg
Citadel Securities,Jim Esposito,President,https://www.citadelsecurities.com/wp-content/uploads/sites/2/2024/09/Jim-Esposito_240911_6948-e1734634538913.jpg
Citadel Securities,Shyam Rajan,Global Head of Fixed Income,https://www.citadelsecurities.com/wp-content/uploads/sites/2/2023/01/Shyam_Rajan.jpg
CRH,Jim Mintern,CEO,https://www.citadelsecurities.com/wp-content/uploads/sites/2/2023/01/Shyam_Rajan.jpg
Fermi America,Toby Neugebauer,Co-Founder & CEO,https://www.citadelsecurities.com/wp-content/uploads/sites/2/2023/01/Shyam_Rajan.jpg
FGS Global,Alexander Geiser,CEO,https://fgsglobal.com/_next/image?url=https%3A%2F%2Fa.storyblok.com%2Ff%2F137553%2F1024x1400%2F0132881115%2Falexander-geiser.jpg&w=1080&q=75
Gallup,Jon Clifton,CEO,https://media.licdn.com/dms/image/v2/D4E03AQGp2qftVfBNaw/profile-displayphoto-shrink_800_800/profile-displayphoto-shrink_800_800/0/1720519288841?e=1776297600&v=beta&t=XrArdQa2Uc4IB809ZYqWPl6BXyyqC_nFvfQgFt3mSfk
Salesforce,Kendall Collins,CEO - Government Cloud & Missionforce,https://www.salesforce.com/news/wp-content/uploads/sites/3/2024/02/Kendall.jpg
Griffin Catalyst,Kenneth C. Griffin,Founder & CEO,https://upload.wikimedia.org/wikipedia/commons/thumb/e/e8/Kenneth_C._Griffin_photo.jpg/960px-Kenneth_C._Griffin_photo.jpg
Hyundai,José Muñoz,CEO,https://www.hyundai.com/content/dam/hyundai/ww/en/images/newsroom/news-image/2024/11/1115-1/gallery/gallery-241115-02-1.jpg
Indeed,Deko (Hisayuki) Idekoba,"CEO and President of Indeed & Representative Director, President & CEO of Recruit Holdings",https://recruit-holdings.com/fetch/img/fdbc3n76uu0x/7s4zsBjTJu8RpiWVIYWpm4/334114944974b7d29e87ce2836b6bcb2/press_hisayuki_idekoba.jpg?w=750&h=750&fl=progressive&q=50&fm=jpg&bg=rgb%3Af3f5fa
Indeed,Laura Ullrich,"Director of Economic Research, North America",https://encrypted-tbn0.gstatic.com/images?q=tbn:ANd9GcTz0Wri-JfLq3mzDhqVIUGuvHCM7b95_ITIvA&s
Infosys Limited,Salil Parekh,CEO & Managing Director,https://www.infosys.com/content/dam/infosys-web/en/global-resource/photos/salil-parekh.jpg
KPMG,Matthew (Matt) Miner,"General Counsel & Vice Chair, Legal, Risk Management and Compliance",https://media.licdn.com/dms/image/v2/D5603AQHkIEb-mTQ2yw/profile-displayphoto-shrink_800_800/profile-displayphoto-shrink_800_800/0/1711138295821?e=1776297600&v=beta&t=QhNwaDA_il2lQ-F9Qal948kj6SRnlrc5CrQ4_C1brqg
KPMG,Tim Walsh,Chair and CEO,https://kpmg.com/kpmg-us/content/dam/kpmg/corporate-communications/image/2025/tim-walsh-2025.png
LinkedIn,Blake Lawit,Chief Global Affairs and Legal Officer,https://media.licdn.com/dms/image/v2/D5603AQFOZ34R_BLUFg/profile-displayphoto-scale_200_200/B56ZxNltzyHoAY-/0/1770828273859?e=2147483647&v=beta&t=QGpBT7BuDBlGpgYThcLbVULHahXU9BZuYL9Fg8MLeDE
Lippincott,Michael D'Esopo,CEO,https://media.licdn.com/dms/image/v2/D4E03AQFwdV4Zr8t20w/profile-displayphoto-scale_200_200/B4EZobBhP3JgAY-/0/1761389975052?e=2147483647&v=beta&t=mPLkAxI2EUpNXaSMac6Y-fDqvRQ3zje3_hidZa61bqQ
Lippincott,Taddy Hall,"Senior Partner, Experience Innovation/Strategy",https://encrypted-tbn0.gstatic.com/images?q=tbn:ANd9GcQC6SpL3Q42598qRAnEkJgXe1TuH_Y1ELK-5Q&s
PMI,Jacek Olczak,CEO,https://www.pmi.com/content/dam/pmicom/global/images/board-of-directors/jacek-olczak-ceo-pmi.jpg?imwidth=2048&imdensity=2
PMI US,Stacey Kennedy,CEO,https://media.licdn.com/dms/image/v2/D4E03AQHRhkZqWRGcEA/profile-displayphoto-shrink_800_800/profile-displayphoto-shrink_800_800/0/1680786248381?e=1776297600&v=beta&t=tmGmkJKprN59cT44QyeyXxkJkndFmDIE4ZxxOb6NfO0
PwC US,Dan Priest,Chief AI Officer,https://www.pwc.com/us/en/about-us/newsroom/img/dan-priest-headshot.jpg
PwC US,Kathryn Kaminsky,Chief Commercial Officer,https://media.licdn.com/dms/image/v2/C5603AQH-fLSEAGDU8w/profile-displayphoto-shrink_200_200/profile-displayphoto-shrink_200_200/0/1654726035803?e=2147483647&v=beta&t=S_tJHORmP_YY6ipewTMX8gS9hW2B1cJM12aXZG6sebw
PwC US,Michelle Horton,Principal,https://media.licdn.com/dms/image/v2/D4D03AQFcvZh2HgecQw/profile-displayphoto-shrink_200_200/profile-displayphoto-shrink_200_200/0/1681781533195?e=2147483647&v=beta&t=YeZ2FJSb7KvSC5BKozr10KhnO5e5lh2c8duM3OgSL9w
PwC US,Paul Griggs,US Senior Partner & CEO,https://www.pwc.com/gx/en/contacts/paul-griggs-headshot.jpeg
Schneider Electric,Aamir Paul,"President, North America Operations",https://www.se.com/us/en/assets/wiztopic/60671086eca0ed09c56b3a63/Aami-Paul-Ex-Frame-dark-IC-490x490-jpg_square.jpg
Stand Together,Brian Hooks,Chairman and CEO,https://cdn.prod.website-files.com/68377138208932db8ed90c34/683fa0552b700bce94464353_Brian%20Hooks.jpg
Verizon,Dan Schulman,CEO,https://www.verizon.com/about/sites/default/files/2023-04/dan_schulman_bio_photo_300x375.jpg
Verizon,Franz Paasche,"Executive Vice President, Corporate Affairs",https://ss7.vzw.com/is/image/VerizonWireless/Leadership%20&%20Board%20of%20Directors%20-%20Leadership%20-%20Franz%20Paasche%20-%2021_9%20(1)?resMode=sharp2&scl=1
West Health,Shelley Lyford,CEO,https://westhealth.org/wp-content/uploads/2019/05/Shelley-Lyford_CCOA_PR_photo.png